old,new
01-V15-Detect- Most-powerful- LB-PDP.jpg,01-V15-Detect-_Most-powerful-_LB-PDP.jpg
1726385984711_2024-09-01 20-15-23.mp4,1726385984711_2024-09-01_20-15-23.mp4
1726396018112_2024-09-01 20-15-23.mp4,1726396018112_2024-09-01_20-15-23.mp4
1726398050800_2024-09-01 20-15-23.mp4,1726398050800_2024-09-01_20-15-23.mp4
1729956703003_W+NIKE+FREE+METCON+6_6ee3e7f12c663259f1c0b6b9f98d0973.png,1729956703003_W_NIKE_FREE_METCON_6_6ee3e7f12c663259f1c0b6b9f98d0973.png
1730028251272_W+NIKE+FREE+METCON+6_92ed15f0cecb2193afbe71d555c6af4d.png,1730028251272_W_NIKE_FREE_METCON_6_92ed15f0cecb2193afbe71d555c6af4d.png
1730028495505_W+NIKE+FREE+METCON+6_3a55522722cd3f5fc1c5cec9634dd1f8.png,1730028495505_W_NIKE_FREE_METCON_6_3a55522722cd3f5fc1c5cec9634dd1f8.png
1733473630667_images (3)_d997395fef9ac343e6571ff710d27fba.jpg,1733473630667_images_3_d997395fef9ac343e6571ff710d27fba.jpg
1733473857202_images (4)_b04a6f763331a00561573753dd33f73c.jpg,1733473857202_images_4_b04a6f763331a00561573753dd33f73c.jpg
1733474835553_images (5)_b8e6520cf24780967b569467d2d4f642.jpg,1733474835553_images_5_b8e6520cf24780967b569467d2d4f642.jpg
1733475497327_à¸à¸­à¸à¸à¹à¸­-1_851b4bce2333bdfaa900d6149f485b85.jpg,1733475497327_a_a_a_a_a1a_-1_851b4bce2333bdfaa900d6149f485b85.jpg
1733476080589_Screenshot 2024-12-06 160654_04402c3cb3d311f22dae222ccc5705eb.jpg,1733476080589_Screenshot_2024-12-06_160654_04402c3cb3d311f22dae222ccc5705eb.jpg
1752650560766_S__15089682_0f024591a33a3282e395c738952f289d.jpg,1752650560766_S_15089682_0f024591a33a3282e395c738952f289d.jpg
1752760978494_png-clipart-computer-icons-facebook-facebook-logo-black-and-white-thumbnail_e6fb7ec85f5044146e5207ddad027a1a.png,1752760978494_png-clipart-computer-icons-facebook-facebook-logo-black-and-white-thumbnail_e6fb7e.png
1752997089766_S__11157510_f45b3a75f1d2f9115d39645acb2b42e1.jpg,1752997089766_S_11157510_f45b3a75f1d2f9115d39645acb2b42e1.jpg
1753028385841_S__15106059_bff670fff96620cf5da913ad0f1778c3.jpg,1753028385841_S_15106059_bff670fff96620cf5da913ad0f1778c3.jpg
1753028433621_S__15106059_c70d242c1e090178ce74586f01a3c96a.jpg,1753028433621_S_15106059_c70d242c1e090178ce74586f01a3c96a.jpg
1753101792957_Resume Methaporn Limrosstham (2)_5d51b2f5c873852bce31901de506435c.png,1753101792957_Resume_Methaporn_Limrosstham_2_5d51b2f5c873852bce31901de506435c.png
1754907277299_Lionel Messi - FootyRenders_76012cd1baef296d30023530ab5b9943.png,1754907277299_Lionel_Messi_-_FootyRenders_76012cd1baef296d30023530ab5b9943.png
1754914438772_Lionel Messi - FootyRenders (1)_8372a52c1ee75be363614e067a3f4050.png,1754914438772_Lionel_Messi_-_FootyRenders_1_8372a52c1ee75be363614e067a3f4050.png
1755357829689_modal_trade_in_variant__ejij0q8th06e_large_72c451f2ef88ab601b2b0b95ec3cdbc3.jpg,1755357829689_modal_trade_in_variant_ejij0q8th06e_large_72c451f2ef88ab601b2b0b95ec3cdbc3.jpg
1755699365650_à¸à¸£à¸°à¹à¸à¹à¸²à¹à¸à¹à¸à¹à¸à¹à¸-à¸¡à¸µà¸à¹à¸­à¸à¹à¸à¹à¸à¸à¸±à¸à¸£à¸°à¹à¸à¸µà¸¢à¸à¸à¸à¸²à¸-à¸¥à¸´à¸à¸£-à¸£à¸¸à¹à¸-à¸ªà¸µà¸à¸³-8735937_0b7a5bd8b0ce118c04487d57f0d2cc91.avif,1755699365650_a_a_a_a1a_a1a_2a1a_a1a_a1a_a1a_-a_a_a_a1a_a_a1a_a1a_a_a_a_a_a_a1a_a_a_a_a_a_a_2a_.avif
1755699379929_à¹à¸à¹à¸ªà¸°à¸à¸²à¸¢à¸«à¸¥à¸±à¸à¸¡à¸µà¸à¹à¸­à¸à¹à¸à¹à¸à¸à¸±à¸à¸£à¸°à¹à¸à¸µà¸¢à¸à¸ªà¸³à¸«à¸£à¸±à¸à¹à¸à¸´à¸à¸à¸²à¸à¸£à¸¸à¹à¸-à¸à¸à¸²à¸-à¸¥à¸´à¸à¸£-à¸ªà¸µà¸à¸²à¸à¸µ-8787845_11ef9e307af924518ac19a67c1230a3a.avif,1755699379929_a1a_a1a_aa_a_a_2a_a_a_a_a_a_a_a_a1a_a_a1a_a1a_a_a_a_a_a_a1a_a_a_a_a_aa_3a_a_a_a_a.avif
2959-588@2x.jpg,2959-588_2x.jpg
41Fe-RtV4eL._AC_UL1200_.jpg,41Fe-RtV4eL._AC_UL1200.jpg
51QSE6ErQnL._AC_SL1263_.jpg,51QSE6ErQnL._AC_SL1263.jpg
"817Vhw+nQcL._UF1000,1000_QL80_.jpg",817Vhw_nQcL._UF1000_1000_QL80.jpg
animal (1).png,animal_1.png
animal (2).png,animal_2.png
Large_JPG-Stanley_The_Quencher_H2.O_FlowState_Tumbler_40OZ__LILAC_Lifestyle_033_4x5_1.webp,Large_JPG-Stanley_The_Quencher_H2.O_FlowState_Tumbler_40OZ_LILAC_Lifestyle_033_4x5_1.webp
ray+band2.jpg,ray_band2.jpg
Starship Syncopation.mp4,Starship_Syncopation.mp4
S__15089682.jpg,S_15089682.jpg
S__15089684.jpg,S_15089684.jpg
S__15089690.jpg,S_15089690.jpg
Xiaomi 14T Pro.jpg,Xiaomi_14T_Pro.jpg
Xiaomi 14T Pro_2.jpg,Xiaomi_14T_Pro_2.jpg
Xiaomi 14T Pro_3.jpg,Xiaomi_14T_Pro_3.jpg
